1,Adilabad,32,1,1,1,1,03/11/18 00:00,03/11/18 00:00
2,Agra,34,1,1,1,1,03/11/18 00:00,03/11/18 00:00
3,Ahmed Nagar,21,1,1,1,1,03/11/18 00:00,03/11/18 00:00
4,Ahmedabad City,12,1,1,1,1,03/11/18 00:00,03/11/18 00:00
5,Aizawl,24,1,1,1,1,03/11/18 00:00,03/11/18 00:00
6,Ajmer,29,1,1,1,1,03/11/18 00:00,03/11/18 00:00
7,Akola,21,1,1,1,1,03/11/18 00:00,03/11/18 00:00
8,Aligarh,34,1,1,1,1,03/11/18 00:00,03/11/18 00:00
9,Allahabad,34,1,1,1,1,03/11/18 00:00,03/11/18 00:00
10,Alleppey,18,1,1,1,1,03/11/18 00:00,03/11/18 00:00
11,Almora,35,1,1,1,1,03/11/18 00:00,03/11/18 00:00
12,Alwar,29,1,1,1,1,03/11/18 00:00,03/11/18 00:00
13,Alwaye,18,1,1,1,1,03/11/18 00:00,03/11/18 00:00
14,Amalapuram,2,1,1,1,1,03/11/18 00:00,03/11/18 00:00
15,Ambala,13,1,1,1,1,03/11/18 00:00,03/11/18 00:00
16,Ambedkar Nagar,34,1,1,1,1,03/11/18 00:00,03/11/18 00:00
17,Amravati,21,1,1,1,1,03/11/18 00:00,03/11/18 00:00
18,Amreli,12,1,1,1,1,03/11/18 00:00,03/11/18 00:00
19,Amritsar,28,1,1,1,1,03/11/18 00:00,03/11/18 00:00
20,Anakapalle,2,1,1,1,1,03/11/18 00:00,03/11/18 00:00
21,Anand,12,1,1,1,1,03/11/18 00:00,03/11/18 00:00
22,Anantapur,2,1,1,1,1,03/11/18 00:00,03/11/18 00:00
23,Ananthnag,15,1,1,1,1,03/11/18 00:00,03/11/18 00:00
24,Anna Road H.O,31,1,1,1,1,03/11/18 00:00,03/11/18 00:00
25,Arakkonam,31,1,1,1,1,03/11/18 00:00,03/11/18 00:00
26,Asansol,36,1,1,1,1,03/11/18 00:00,03/11/18 00:00
27,Aska,26,1,1,1,1,03/11/18 00:00,03/11/18 00:00
28,Auraiya,34,1,1,1,1,03/11/18 00:00,03/11/18 00:00
29,Aurangabad,21,1,1,1,1,03/11/18 00:00,03/11/18 00:00
30,Aurangabad(Bihar),5,1,1,1,1,03/11/18 00:00,03/11/18 00:00
31,Azamgarh,34,1,1,1,1,03/11/18 00:00,03/11/18 00:00
32,Bagalkot,17,1,1,1,1,03/11/18 00:00,03/11/18 00:00
33,Bageshwar,35,1,1,1,1,03/11/18 00:00,03/11/18 00:00
34,Bagpat,34,1,1,1,1,03/11/18 00:00,03/11/18 00:00
35,Bahraich,34,1,1,1,1,03/11/18 00:00,03/11/18 00:00
36,Balaghat,20,1,1,1,1,03/11/18 00:00,03/11/18 00:00
37,Balangir,26,1,1,1,1,03/11/18 00:00,03/11/18 00:00
38,Balasore,26,1,1,1,1,03/11/18 00:00,03/11/18 00:00
39,Ballia,34,1,1,1,1,03/11/18 00:00,03/11/18 00:00
40,Balrampur,34,1,1,1,1,03/11/18 00:00,03/11/18 00:00
41,Banasanktha,12,1,1,1,1,03/11/18 00:00,03/11/18 00:00
42,Banda,34,1,1,1,1,03/11/18 00:00,03/11/18 00:00
43,Bandipur,15,1,1,1,1,03/11/18 00:00,03/11/18 00:00
44,Bankura,36,1,1,1,1,03/11/18 00:00,03/11/18 00:00
45,Banswara,29,1,1,1,1,03/11/18 00:00,03/11/18 00:00
46,Barabanki,34,1,1,1,1,03/11/18 00:00,03/11/18 00:00
47,Baramulla,15,1,1,1,1,03/11/18 00:00,03/11/18 00:00
48,Baran,29,1,1,1,1,03/11/18 00:00,03/11/18 00:00
49,Bardoli,12,1,1,1,1,03/11/18 00:00,03/11/18 00:00
50,Bareilly,34,1,1,1,1,03/11/18 00:00,03/11/18 00:00
51,Barmer,29,1,1,1,1,03/11/18 00:00,03/11/18 00:00
52,Barnala,28,1,1,1,1,03/11/18 00:00,03/11/18 00:00
53,Barpeta,4,1,1,1,1,03/11/18 00:00,03/11/18 00:00
54,Bastar,7,1,1,1,1,03/11/18 00:00,03/11/18 00:00
55,Basti,34,1,1,1,1,03/11/18 00:00,03/11/18 00:00
56,Bathinda,28,1,1,1,1,03/11/18 00:00,03/11/18 00:00
57,Beed,21,1,1,1,1,03/11/18 00:00,03/11/18 00:00
58,Begusarai,5,1,1,1,1,03/11/18 00:00,03/11/18 00:00
59,Belgaum,17,1,1,1,1,03/11/18 00:00,03/11/18 00:00
60,Bellary,17,1,1,1,1,03/11/18 00:00,03/11/18 00:00
61,Bengaluru East,17,1,1,1,1,03/11/18 00:00,03/11/18 00:00
62,Bengaluru South,17,1,1,1,1,03/11/18 00:00,03/11/18 00:00
63,Bengaluru West,17,1,1,1,1,03/11/18 00:00,03/11/18 00:00
64,Berhampur,26,1,1,1,1,03/11/18 00:00,03/11/18 00:00
65,Bhadrak,26,1,1,1,1,03/11/18 00:00,03/11/18 00:00
66,Bhagalpur,5,1,1,1,1,03/11/18 00:00,03/11/18 00:00
67,Bhandara,21,1,1,1,1,03/11/18 00:00,03/11/18 00:00
68,Bharatpur,29,1,1,1,1,03/11/18 00:00,03/11/18 00:00
69,Bharuch,12,1,1,1,1,03/11/18 00:00,03/11/18 00:00
70,Bhavnagar,12,1,1,1,1,03/11/18 00:00,03/11/18 00:00
71,Bhilwara,29,1,1,1,1,03/11/18 00:00,03/11/18 00:00
72,Bhimavaram,2,1,1,1,1,03/11/18 00:00,03/11/18 00:00
73,Bhiwani,13,1,1,1,1,03/11/18 00:00,03/11/18 00:00
74,Bhojpur,5,1,1,1,1,03/11/18 00:00,03/11/18 00:00
75,Bhopal,20,1,1,1,1,03/11/18 00:00,03/11/18 00:00
76,Bhubaneswar,26,1,1,1,1,03/11/18 00:00,03/11/18 00:00
77,Bidar,17,1,1,1,1,03/11/18 00:00,03/11/18 00:00
78,Bijapur,17,1,1,1,1,03/11/18 00:00,03/11/18 00:00
79,Bijnor,34,1,1,1,1,03/11/18 00:00,03/11/18 00:00
80,Bikaner,29,1,1,1,1,03/11/18 00:00,03/11/18 00:00
81,Bilaspur,7,1,1,1,1,03/11/18 00:00,03/11/18 00:00
82,Birbhum,36,1,1,1,1,03/11/18 00:00,03/11/18 00:00
83,Bishnupur,22,1,1,1,1,03/11/18 00:00,03/11/18 00:00
84,Bongaigaon,4,1,1,1,1,03/11/18 00:00,03/11/18 00:00
85,Budaun,34,1,1,1,1,03/11/18 00:00,03/11/18 00:00
86,Budgam,15,1,1,1,1,03/11/18 00:00,03/11/18 00:00
87,Bulandshahr,34,1,1,1,1,03/11/18 00:00,03/11/18 00:00
88,Buldhana,21,1,1,1,1,03/11/18 00:00,03/11/18 00:00
89,Bundi,29,1,1,1,1,03/11/18 00:00,03/11/18 00:00
90,Burdwan,36,1,1,1,1,03/11/18 00:00,03/11/18 00:00
91,Cachar,4,1,1,1,1,03/11/18 00:00,03/11/18 00:00
92,Calicut,18,1,1,1,1,03/11/18 00:00,03/11/18 00:00
93,Carnicobar,1,1,1,1,1,03/11/18 00:00,03/11/18 00:00
94,Chamba,14,1,1,1,1,03/11/18 00:00,03/11/18 00:00
95,Chamoli,35,1,1,1,1,03/11/18 00:00,03/11/18 00:00
96,Champawat,35,1,1,1,1,03/11/18 00:00,03/11/18 00:00
97,Champhai,24,1,1,1,1,03/11/18 00:00,03/11/18 00:00
98,Chandauli,34,1,1,1,1,03/11/18 00:00,03/11/18 00:00
99,Chandel,22,1,1,1,1,03/11/18 00:00,03/11/18 00:00
100,Chandigarh,6,1,1,1,1,03/11/18 00:00,03/11/18 00:00
101,Chandrapur,21,1,1,1,1,03/11/18 00:00,03/11/18 00:00
102,Changanacherry,18,1,1,1,1,03/11/18 00:00,03/11/18 00:00
103,Changlang,3,1,1,1,1,03/11/18 00:00,03/11/18 00:00
104,Channapatna,17,1,1,1,1,03/11/18 00:00,03/11/18 00:00
105,Chengalpattu,31,1,1,1,1,03/11/18 00:00,03/11/18 00:00
106,Chennai City Central,31,1,1,1,1,03/11/18 00:00,03/11/18 00:00
107,Chennai City North,31,1,1,1,1,03/11/18 00:00,03/11/18 00:00
108,Chennai City South,31,1,1,1,1,03/11/18 00:00,03/11/18 00:00
109,Chhatarpur,20,1,1,1,1,03/11/18 00:00,03/11/18 00:00
110,Chhindwara,20,1,1,1,1,03/11/18 00:00,03/11/18 00:00
111,Chikmagalur,17,1,1,1,1,03/11/18 00:00,03/11/18 00:00
112,Chikodi,17,1,1,1,1,03/11/18 00:00,03/11/18 00:00
113,Chitradurga,17,1,1,1,1,03/11/18 00:00,03/11/18 00:00
114,Chitrakoot,34,1,1,1,1,03/11/18 00:00,03/11/18 00:00
115,Chittoor,2,1,1,1,1,03/11/18 00:00,03/11/18 00:00
116,Chittorgarh,29,1,1,1,1,03/11/18 00:00,03/11/18 00:00
117,Churachandpur,22,1,1,1,1,03/11/18 00:00,03/11/18 00:00
118,Churu,29,1,1,1,1,03/11/18 00:00,03/11/18 00:00
119,Coimbatore,31,1,1,1,1,03/11/18 00:00,03/11/18 00:00
120,Contai,36,1,1,1,1,03/11/18 00:00,03/11/18 00:00
121,Cooch Behar,36,1,1,1,1,03/11/18 00:00,03/11/18 00:00
122,Cuddalore,31,1,1,1,1,03/11/18 00:00,03/11/18 00:00
123,Cuddapah,2,1,1,1,1,03/11/18 00:00,03/11/18 00:00
124,Cuttack City,26,1,1,1,1,03/11/18 00:00,03/11/18 00:00
125,Cuttack North,26,1,1,1,1,03/11/18 00:00,03/11/18 00:00
126,Cuttack South,26,1,1,1,1,03/11/18 00:00,03/11/18 00:00
127,Dadra & Nagar Haveli,8,1,1,1,1,03/11/18 00:00,03/11/18 00:00
128,Daman,9,1,1,1,1,03/11/18 00:00,03/11/18 00:00
129,Darbhanga,5,1,1,1,1,03/11/18 00:00,03/11/18 00:00
130,Darjiling,36,1,1,1,1,03/11/18 00:00,03/11/18 00:00
131,Darrang,4,1,1,1,1,03/11/18 00:00,03/11/18 00:00
132,Dausa,29,1,1,1,1,03/11/18 00:00,03/11/18 00:00
133,Dehra Gopipur,14,1,1,1,1,03/11/18 00:00,03/11/18 00:00
134,Dehradun,35,1,1,1,1,03/11/18 00:00,03/11/18 00:00
135,Delhi,10,1,1,1,1,03/11/18 00:00,03/11/18 00:00
136,Deoria,34,1,1,1,1,03/11/18 00:00,03/11/18 00:00
137,Dhalai,33,1,1,1,1,03/11/18 00:00,03/11/18 00:00
138,Dhanbad,16,1,1,1,1,03/11/18 00:00,03/11/18 00:00
139,Dharamsala,14,1,1,1,1,03/11/18 00:00,03/11/18 00:00
140,Dharmapuri,31,1,1,1,1,03/11/18 00:00,03/11/18 00:00
141,Dharwad,17,1,1,1,1,03/11/18 00:00,03/11/18 00:00
142,Dhemaji,4,1,1,1,1,03/11/18 00:00,03/11/18 00:00
143,Dhenkanal,26,1,1,1,1,03/11/18 00:00,03/11/18 00:00
144,Dholpur,29,1,1,1,1,03/11/18 00:00,03/11/18 00:00
145,Dhubri,4,1,1,1,1,03/11/18 00:00,03/11/18 00:00
146,Dhule,21,1,1,1,1,03/11/18 00:00,03/11/18 00:00
147,Dibang Valley,3,1,1,1,1,03/11/18 00:00,03/11/18 00:00
148,Dibrugarh,4,1,1,1,1,03/11/18 00:00,03/11/18 00:00
149,Diglipur,1,1,1,1,1,03/11/18 00:00,03/11/18 00:00
150,Dimapur,25,1,1,1,1,03/11/18 00:00,03/11/18 00:00
151,Dindigul,31,1,1,1,1,03/11/18 00:00,03/11/18 00:00
152,Diu,9,1,1,1,1,03/11/18 00:00,03/11/18 00:00
153,Doda,15,1,1,1,1,03/11/18 00:00,03/11/18 00:00
154,Dungarpur,29,1,1,1,1,03/11/18 00:00,03/11/18 00:00
155,Durg,7,1,1,1,1,03/11/18 00:00,03/11/18 00:00
156,East Champaran,5,1,1,1,1,03/11/18 00:00,03/11/18 00:00
157,East Garo Hills,23,1,1,1,1,03/11/18 00:00,03/11/18 00:00
158,East Kameng,3,1,1,1,1,03/11/18 00:00,03/11/18 00:00
159,East Khasi Hills,23,1,1,1,1,03/11/18 00:00,03/11/18 00:00
160,East Siang,3,1,1,1,1,03/11/18 00:00,03/11/18 00:00
161,East Sikkim,30,1,1,1,1,03/11/18 00:00,03/11/18 00:00
162,Eluru,2,1,1,1,1,03/11/18 00:00,03/11/18 00:00
163,Ernakulam,18,1,1,1,1,03/11/18 00:00,03/11/18 00:00
164,Erode,31,1,1,1,1,03/11/18 00:00,03/11/18 00:00
165,Etah,34,1,1,1,1,03/11/18 00:00,03/11/18 00:00
166,Etawah,34,1,1,1,1,03/11/18 00:00,03/11/18 00:00
167,Faizabad,34,1,1,1,1,03/11/18 00:00,03/11/18 00:00
168,Faridabad,13,1,1,1,1,03/11/18 00:00,03/11/18 00:00
169,Faridkot,28,1,1,1,1,03/11/18 00:00,03/11/18 00:00
170,Farrukhabad,34,1,1,1,1,03/11/18 00:00,03/11/18 00:00
171,Fatehgarh Sahib,28,1,1,1,1,03/11/18 00:00,03/11/18 00:00
172,Fatehpur,34,1,1,1,1,03/11/18 00:00,03/11/18 00:00
173,Fazilka,28,1,1,1,1,03/11/18 00:00,03/11/18 00:00
174,Ferrargunj,1,1,1,1,1,03/11/18 00:00,03/11/18 00:00
175,Firozabad,34,1,1,1,1,03/11/18 00:00,03/11/18 00:00
176,Firozpur,28,1,1,1,1,03/11/18 00:00,03/11/18 00:00
177,Gadag,17,1,1,1,1,03/11/18 00:00,03/11/18 00:00
178,Gadchiroli,21,1,1,1,1,03/11/18 00:00,03/11/18 00:00
179,Gandhinagar,12,1,1,1,1,03/11/18 00:00,03/11/18 00:00
180,Ganganagar,29,1,1,1,1,03/11/18 00:00,03/11/18 00:00
181,Gautam Buddha Nagar,34,1,1,1,1,03/11/18 00:00,03/11/18 00:00
182,Gaya,5,1,1,1,1,03/11/18 00:00,03/11/18 00:00
183,Ghaziabad,34,1,1,1,1,03/11/18 00:00,03/11/18 00:00
184,Ghazipur,34,1,1,1,1,03/11/18 00:00,03/11/18 00:00
185,Giridih,16,1,1,1,1,03/11/18 00:00,03/11/18 00:00
186,Goa,11,1,1,1,1,03/11/18 00:00,03/11/18 00:00
187,Goalpara,4,1,1,1,1,03/11/18 00:00,03/11/18 00:00
188,Gokak,17,1,1,1,1,03/11/18 00:00,03/11/18 00:00
189,Golaghat,4,1,1,1,1,03/11/18 00:00,03/11/18 00:00
190,Gonda,34,1,1,1,1,03/11/18 00:00,03/11/18 00:00
191,Gondal,12,1,1,1,1,03/11/18 00:00,03/11/18 00:00
192,Gondia,21,1,1,1,1,03/11/18 00:00,03/11/18 00:00
193,Gorakhpur,34,1,1,1,1,03/11/18 00:00,03/11/18 00:00
194,Gudivada,2,1,1,1,1,03/11/18 00:00,03/11/18 00:00
195,Gudur,2,1,1,1,1,03/11/18 00:00,03/11/18 00:00
196,Gulbarga,17,1,1,1,1,03/11/18 00:00,03/11/18 00:00
197,Guna,20,1,1,1,1,03/11/18 00:00,03/11/18 00:00
198,Guntur,2,1,1,1,1,03/11/18 00:00,03/11/18 00:00
199,Gurdaspur,28,1,1,1,1,03/11/18 00:00,03/11/18 00:00
200,Gurugram,13,1,1,1,1,03/11/18 00:00,03/11/18 00:00
201,Gwalior,20,1,1,1,1,03/11/18 00:00,03/11/18 00:00
202,Hailakandi,4,1,1,1,1,03/11/18 00:00,03/11/18 00:00
203,Hamirpur (HP),14,1,1,1,1,03/11/18 00:00,03/11/18 00:00
204,Hamirpur (UP),34,1,1,1,1,03/11/18 00:00,03/11/18 00:00
205,Hanamkonda,32,1,1,1,1,03/11/18 00:00,03/11/18 00:00
206,Hanumangarh,29,1,1,1,1,03/11/18 00:00,03/11/18 00:00
207,Hardoi,34,1,1,1,1,03/11/18 00:00,03/11/18 00:00
208,Haridwar,35,1,1,1,1,03/11/18 00:00,03/11/18 00:00
209,Hassan,17,1,1,1,1,03/11/18 00:00,03/11/18 00:00
210,Hathras,34,1,1,1,1,03/11/18 00:00,03/11/18 00:00
211,Haveri,17,1,1,1,1,03/11/18 00:00,03/11/18 00:00
212,Hazaribagh,16,1,1,1,1,03/11/18 00:00,03/11/18 00:00
213,Hindupur,2,1,1,1,1,03/11/18 00:00,03/11/18 00:00
214,Hingoli,21,1,1,1,1,03/11/18 00:00,03/11/18 00:00
215,Hissar,13,1,1,1,1,03/11/18 00:00,03/11/18 00:00
216,Hooghly,36,1,1,1,1,03/11/18 00:00,03/11/18 00:00
217,Hoshangabad,20,1,1,1,1,03/11/18 00:00,03/11/18 00:00
218,Hoshiarpur,28,1,1,1,1,03/11/18 00:00,03/11/18 00:00
219,Howrah,36,1,1,1,1,03/11/18 00:00,03/11/18 00:00
220,Hut Bay,1,1,1,1,1,03/11/18 00:00,03/11/18 00:00
221,Hyderabad City,32,1,1,1,1,03/11/18 00:00,03/11/18 00:00
222,Hyderabad South East,32,1,1,1,1,03/11/18 00:00,03/11/18 00:00
223,Idukki,18,1,1,1,1,03/11/18 00:00,03/11/18 00:00
224,Imphal East,22,1,1,1,1,03/11/18 00:00,03/11/18 00:00
225,Imphal West,22,1,1,1,1,03/11/18 00:00,03/11/18 00:00
226,Indore City,20,1,1,1,1,03/11/18 00:00,03/11/18 00:00
227,Indore Moffusil,20,1,1,1,1,03/11/18 00:00,03/11/18 00:00
228,Irinjalakuda,18,1,1,1,1,03/11/18 00:00,03/11/18 00:00
229,Jabalpur,20,1,1,1,1,03/11/18 00:00,03/11/18 00:00
230,Jaintia Hills,23,1,1,1,1,03/11/18 00:00,03/11/18 00:00
231,Jaipur,29,1,1,1,1,03/11/18 00:00,03/11/18 00:00
232,Jaisalmer,29,1,1,1,1,03/11/18 00:00,03/11/18 00:00
233,Jalandhar,28,1,1,1,1,03/11/18 00:00,03/11/18 00:00
234,Jalaun,34,1,1,1,1,03/11/18 00:00,03/11/18 00:00
235,Jalgaon,21,1,1,1,1,03/11/18 00:00,03/11/18 00:00
236,Jalna,21,1,1,1,1,03/11/18 00:00,03/11/18 00:00
237,Jalor,29,1,1,1,1,03/11/18 00:00,03/11/18 00:00
238,Jalpaiguri,36,1,1,1,1,03/11/18 00:00,03/11/18 00:00
239,Jammu,15,1,1,1,1,03/11/18 00:00,03/11/18 00:00
240,Jamnagar,12,1,1,1,1,03/11/18 00:00,03/11/18 00:00
241,Jaunpur,34,1,1,1,1,03/11/18 00:00,03/11/18 00:00
242,Jhalawar,29,1,1,1,1,03/11/18 00:00,03/11/18 00:00
243,Jhansi,34,1,1,1,1,03/11/18 00:00,03/11/18 00:00
244,Jhujhunu,29,1,1,1,1,03/11/18 00:00,03/11/18 00:00
245,Jodhpur,29,1,1,1,1,03/11/18 00:00,03/11/18 00:00
246,Jorhat,4,1,1,1,1,03/11/18 00:00,03/11/18 00:00
247,Junagadh,12,1,1,1,1,03/11/18 00:00,03/11/18 00:00
248,Jyotiba Phule Nagar,34,1,1,1,1,03/11/18 00:00,03/11/18 00:00
249,Kakinada,2,1,1,1,1,03/11/18 00:00,03/11/18 00:00
250,Kalahandi,26,1,1,1,1,03/11/18 00:00,03/11/18 00:00
251,Kamrup,4,1,1,1,1,03/11/18 00:00,03/11/18 00:00
252,Kanchipuram,31,1,1,1,1,03/11/18 00:00,03/11/18 00:00
253,Kannauj,34,1,1,1,1,03/11/18 00:00,03/11/18 00:00
254,Kanniyakumari,31,1,1,1,1,03/11/18 00:00,03/11/18 00:00
255,Kannur,18,1,1,1,1,03/11/18 00:00,03/11/18 00:00
256,Kanpur Dehat,34,1,1,1,1,03/11/18 00:00,03/11/18 00:00
257,Kanpur Nagar,34,1,1,1,1,03/11/18 00:00,03/11/18 00:00
258,Kapurthala,28,1,1,1,1,03/11/18 00:00,03/11/18 00:00
259,Karaikal,27,1,1,1,1,03/11/18 00:00,03/11/18 00:00
260,Karaikudi,31,1,1,1,1,03/11/18 00:00,03/11/18 00:00
261,Karauli,29,1,1,1,1,03/11/18 00:00,03/11/18 00:00
262,Karbi Anglong,4,1,1,1,1,03/11/18 00:00,03/11/18 00:00
263,Kargil,15,1,1,1,1,03/11/18 00:00,03/11/18 00:00
264,Karimganj,4,1,1,1,1,03/11/18 00:00,03/11/18 00:00
265,Karimnagar,32,1,1,1,1,03/11/18 00:00,03/11/18 00:00
266,Karnal,13,1,1,1,1,03/11/18 00:00,03/11/18 00:00
267,Karur,31,1,1,1,1,03/11/18 00:00,03/11/18 00:00
268,Karwar,17,1,1,1,1,03/11/18 00:00,03/11/18 00:00
269,Kasaragod,18,1,1,1,1,03/11/18 00:00,03/11/18 00:00
270,Kathua,15,1,1,1,1,03/11/18 00:00,03/11/18 00:00
271,Kaushambi,34,1,1,1,1,03/11/18 00:00,03/11/18 00:00
272,Keonjhar,26,1,1,1,1,03/11/18 00:00,03/11/18 00:00
273,Khammam (AP),2,1,1,1,1,03/11/18 00:00,03/11/18 00:00
274,Khammam (TL),32,1,1,1,1,03/11/18 00:00,03/11/18 00:00
275,Khandwa,20,1,1,1,1,03/11/18 00:00,03/11/18 00:00
276,Kheda,12,1,1,1,1,03/11/18 00:00,03/11/18 00:00
277,Kheri,34,1,1,1,1,03/11/18 00:00,03/11/18 00:00
278,Kiphire,25,1,1,1,1,03/11/18 00:00,03/11/18 00:00
279,Kodagu,17,1,1,1,1,03/11/18 00:00,03/11/18 00:00
280,Kohima,25,1,1,1,1,03/11/18 00:00,03/11/18 00:00
281,Kokrajhar,4,1,1,1,1,03/11/18 00:00,03/11/18 00:00
282,Kolar,17,1,1,1,1,03/11/18 00:00,03/11/18 00:00
283,Kolasib,24,1,1,1,1,03/11/18 00:00,03/11/18 00:00
284,Kolhapur,21,1,1,1,1,03/11/18 00:00,03/11/18 00:00
285,Kolkata,36,1,1,1,1,03/11/18 00:00,03/11/18 00:00
286,Koraput,26,1,1,1,1,03/11/18 00:00,03/11/18 00:00
287,Kota,29,1,1,1,1,03/11/18 00:00,03/11/18 00:00
288,Kottayam,18,1,1,1,1,03/11/18 00:00,03/11/18 00:00
289,Kovilpatti,31,1,1,1,1,03/11/18 00:00,03/11/18 00:00
290,Krishnagiri,31,1,1,1,1,03/11/18 00:00,03/11/18 00:00
291,Kulgam,15,1,1,1,1,03/11/18 00:00,03/11/18 00:00
292,Kumbakonam,31,1,1,1,1,03/11/18 00:00,03/11/18 00:00
293,Kupwara,15,1,1,1,1,03/11/18 00:00,03/11/18 00:00
294,Kurnool,2,1,1,1,1,03/11/18 00:00,03/11/18 00:00
295,Kurukshetra,13,1,1,1,1,03/11/18 00:00,03/11/18 00:00
296,Kurung Kumey,3,1,1,1,1,03/11/18 00:00,03/11/18 00:00
297,Kushinagar,34,1,1,1,1,03/11/18 00:00,03/11/18 00:00
298,Kutch,12,1,1,1,1,03/11/18 00:00,03/11/18 00:00
299,Lakhimpur,4,1,1,1,1,03/11/18 00:00,03/11/18 00:00
300,Lakshadweep,19,1,1,1,1,03/11/18 00:00,03/11/18 00:00
301,Lalitpur,34,1,1,1,1,03/11/18 00:00,03/11/18 00:00
302,Latur,21,1,1,1,1,03/11/18 00:00,03/11/18 00:00
303,Lawngtlai,24,1,1,1,1,03/11/18 00:00,03/11/18 00:00
304,Leh,15,1,1,1,1,03/11/18 00:00,03/11/18 00:00
305,Lohit,3,1,1,1,1,03/11/18 00:00,03/11/18 00:00
306,Longleng,25,1,1,1,1,03/11/18 00:00,03/11/18 00:00
307,Lower Subansiri,3,1,1,1,1,03/11/18 00:00,03/11/18 00:00
308,Lucknow,34,1,1,1,1,03/11/18 00:00,03/11/18 00:00
309,Ludhiana,28,1,1,1,1,03/11/18 00:00,03/11/18 00:00
310,Lunglei,24,1,1,1,1,03/11/18 00:00,03/11/18 00:00
311,Machilipatnam,2,1,1,1,1,03/11/18 00:00,03/11/18 00:00
312,Madhubani,5,1,1,1,1,03/11/18 00:00,03/11/18 00:00
313,Madurai,31,1,1,1,1,03/11/18 00:00,03/11/18 00:00
314,Mahabubnagar,32,1,1,1,1,03/11/18 00:00,03/11/18 00:00
315,Maharajganj,34,1,1,1,1,03/11/18 00:00,03/11/18 00:00
316,Mahesana,12,1,1,1,1,03/11/18 00:00,03/11/18 00:00
317,Mahoba,34,1,1,1,1,03/11/18 00:00,03/11/18 00:00
318,Mainpuri,34,1,1,1,1,03/11/18 00:00,03/11/18 00:00
319,Malda,36,1,1,1,1,03/11/18 00:00,03/11/18 00:00
320,Mammit,24,1,1,1,1,03/11/18 00:00,03/11/18 00:00
321,Mandi,14,1,1,1,1,03/11/18 00:00,03/11/18 00:00
322,Mandsaur,20,1,1,1,1,03/11/18 00:00,03/11/18 00:00
323,Mandya,17,1,1,1,1,03/11/18 00:00,03/11/18 00:00
324,Mangalore,17,1,1,1,1,03/11/18 00:00,03/11/18 00:00
325,Manjeri,18,1,1,1,1,03/11/18 00:00,03/11/18 00:00
326,Mansa,28,1,1,1,1,03/11/18 00:00,03/11/18 00:00
327,Marigaon,4,1,1,1,1,03/11/18 00:00,03/11/18 00:00
328,Mathura,34,1,1,1,1,03/11/18 00:00,03/11/18 00:00
329,Mau,34,1,1,1,1,03/11/18 00:00,03/11/18 00:00
330,Mavelikara,18,1,1,1,1,03/11/18 00:00,03/11/18 00:00
331,Mayabander,1,1,1,1,1,03/11/18 00:00,03/11/18 00:00
332,Mayiladuthurai,31,1,1,1,1,03/11/18 00:00,03/11/18 00:00
333,Mayurbhanj,26,1,1,1,1,03/11/18 00:00,03/11/18 00:00
334,Medak,32,1,1,1,1,03/11/18 00:00,03/11/18 00:00
335,Meerut,34,1,1,1,1,03/11/18 00:00,03/11/18 00:00
336,Meghalaya,23,1,1,1,1,03/11/18 00:00,03/11/18 00:00
337,Midnapore,36,1,1,1,1,03/11/18 00:00,03/11/18 00:00
338,Mirzapur,34,1,1,1,1,03/11/18 00:00,03/11/18 00:00
339,Moga,28,1,1,1,1,03/11/18 00:00,03/11/18 00:00
340,Mohali,28,1,1,1,1,03/11/18 00:00,03/11/18 00:00
341,Mokokchung,25,1,1,1,1,03/11/18 00:00,03/11/18 00:00
342,Mon,25,1,1,1,1,03/11/18 00:00,03/11/18 00:00
343,Monghyr,5,1,1,1,1,03/11/18 00:00,03/11/18 00:00
344,Moradabad,34,1,1,1,1,03/11/18 00:00,03/11/18 00:00
345,Morena,20,1,1,1,1,03/11/18 00:00,03/11/18 00:00
346,Muktsar,28,1,1,1,1,03/11/18 00:00,03/11/18 00:00
347,Mumbai,21,1,1,1,1,03/11/18 00:00,03/11/18 00:00
348,Murshidabad,36,1,1,1,1,03/11/18 00:00,03/11/18 00:00
349,Muzaffarnagar,34,1,1,1,1,03/11/18 00:00,03/11/18 00:00
350,Muzaffarpur,5,1,1,1,1,03/11/18 00:00,03/11/18 00:00
351,Mysore,17,1,1,1,1,03/11/18 00:00,03/11/18 00:00
352,Nadia,36,1,1,1,1,03/11/18 00:00,03/11/18 00:00
353,Nagaon,4,1,1,1,1,03/11/18 00:00,03/11/18 00:00
354,Nagapattinam,31,1,1,1,1,03/11/18 00:00,03/11/18 00:00
355,Nagaur,29,1,1,1,1,03/11/18 00:00,03/11/18 00:00
356,Nagpur,21,1,1,1,1,03/11/18 00:00,03/11/18 00:00
357,Nainital,35,1,1,1,1,03/11/18 00:00,03/11/18 00:00
358,Nalanda,5,1,1,1,1,03/11/18 00:00,03/11/18 00:00
359,Nalbari,4,1,1,1,1,03/11/18 00:00,03/11/18 00:00
360,Nalgonda,32,1,1,1,1,03/11/18 00:00,03/11/18 00:00
361,Namakkal,31,1,1,1,1,03/11/18 00:00,03/11/18 00:00
362,Nancorie,1,1,1,1,1,03/11/18 00:00,03/11/18 00:00
363,Nancowrie,1,1,1,1,1,03/11/18 00:00,03/11/18 00:00
364,Nanded,21,1,1,1,1,03/11/18 00:00,03/11/18 00:00
365,Nandurbar,21,1,1,1,1,03/11/18 00:00,03/11/18 00:00
366,Nandyal,2,1,1,1,1,03/11/18 00:00,03/11/18 00:00
367,Nanjangud,17,1,1,1,1,03/11/18 00:00,03/11/18 00:00
368,Narasaraopet,2,1,1,1,1,03/11/18 00:00,03/11/18 00:00
369,Nashik,21,1,1,1,1,03/11/18 00:00,03/11/18 00:00
370,Navsari,12,1,1,1,1,03/11/18 00:00,03/11/18 00:00
371,Nawadha,5,1,1,1,1,03/11/18 00:00,03/11/18 00:00
372,Nawanshahr,28,1,1,1,1,03/11/18 00:00,03/11/18 00:00
373,Nellore,2,1,1,1,1,03/11/18 00:00,03/11/18 00:00
374,Nilgiris,31,1,1,1,1,03/11/18 00:00,03/11/18 00:00
375,Nizamabad,32,1,1,1,1,03/11/18 00:00,03/11/18 00:00
376,North 24 Parganas,36,1,1,1,1,03/11/18 00:00,03/11/18 00:00
377,North Cachar Hills,4,1,1,1,1,03/11/18 00:00,03/11/18 00:00
378,North Dinajpur,36,1,1,1,1,03/11/18 00:00,03/11/18 00:00
379,North Sikkim,30,1,1,1,1,03/11/18 00:00,03/11/18 00:00
380,North Tripura,33,1,1,1,1,03/11/18 00:00,03/11/18 00:00
381,Osmanabad,21,1,1,1,1,03/11/18 00:00,03/11/18 00:00
382,Ottapalam,18,1,1,1,1,03/11/18 00:00,03/11/18 00:00
383,Palamau,16,1,1,1,1,03/11/18 00:00,03/11/18 00:00
384,Palghat,18,1,1,1,1,03/11/18 00:00,03/11/18 00:00
385,Pali,29,1,1,1,1,03/11/18 00:00,03/11/18 00:00
386,Panchmahals,12,1,1,1,1,03/11/18 00:00,03/11/18 00:00
387,Papum Pare,3,1,1,1,1,03/11/18 00:00,03/11/18 00:00
388,Parbhani,21,1,1,1,1,03/11/18 00:00,03/11/18 00:00
389,Parvathipuram,2,1,1,1,1,03/11/18 00:00,03/11/18 00:00
390,Patan,12,1,1,1,1,03/11/18 00:00,03/11/18 00:00
391,Pathanamthitta,18,1,1,1,1,03/11/18 00:00,03/11/18 00:00
392,Patiala,28,1,1,1,1,03/11/18 00:00,03/11/18 00:00
393,Patna,5,1,1,1,1,03/11/18 00:00,03/11/18 00:00
394,Pattukottai,31,1,1,1,1,03/11/18 00:00,03/11/18 00:00
395,Pauri Garhwal,35,1,1,1,1,03/11/18 00:00,03/11/18 00:00
396,Peddapalli,32,1,1,1,1,03/11/18 00:00,03/11/18 00:00
397,Peren,25,1,1,1,1,03/11/18 00:00,03/11/18 00:00
398,Phek,25,1,1,1,1,03/11/18 00:00,03/11/18 00:00
399,Phulbani,26,1,1,1,1,03/11/18 00:00,03/11/18 00:00
400,Pilibhit,34,1,1,1,1,03/11/18 00:00,03/11/18 00:00
401,Pithoragarh,35,1,1,1,1,03/11/18 00:00,03/11/18 00:00
402,Poducherry (PD),27,1,1,1,1,03/11/18 00:00,03/11/18 00:00
403,Poducherry (TN),31,1,1,1,1,03/11/18 00:00,03/11/18 00:00
404,Pollachi,31,1,1,1,1,03/11/18 00:00,03/11/18 00:00
405,Poonch,15,1,1,1,1,03/11/18 00:00,03/11/18 00:00
406,Porbandar,12,1,1,1,1,03/11/18 00:00,03/11/18 00:00
407,Port Blair,1,1,1,1,1,03/11/18 00:00,03/11/18 00:00
408,Prakasam,2,1,1,1,1,03/11/18 00:00,03/11/18 00:00
409,Pratapgarh,34,1,1,1,1,03/11/18 00:00,03/11/18 00:00
410,Proddatur,2,1,1,1,1,03/11/18 00:00,03/11/18 00:00
411,Pudukkottai,31,1,1,1,1,03/11/18 00:00,03/11/18 00:00
412,Pulwama,15,1,1,1,1,03/11/18 00:00,03/11/18 00:00
413,Pune,21,1,1,1,1,03/11/18 00:00,03/11/18 00:00
414,Puri,26,1,1,1,1,03/11/18 00:00,03/11/18 00:00
415,Purnea,5,1,1,1,1,03/11/18 00:00,03/11/18 00:00
416,Purulia,36,1,1,1,1,03/11/18 00:00,03/11/18 00:00
417,Puttur,17,1,1,1,1,03/11/18 00:00,03/11/18 00:00
418,Quilon,18,1,1,1,1,03/11/18 00:00,03/11/18 00:00
419,Raebareli,34,1,1,1,1,03/11/18 00:00,03/11/18 00:00
420,Raichur,17,1,1,1,1,03/11/18 00:00,03/11/18 00:00
421,Raigarh (CT),7,1,1,1,1,03/11/18 00:00,03/11/18 00:00
422,Raigarh (MH),21,1,1,1,1,03/11/18 00:00,03/11/18 00:00
423,Raipur,7,1,1,1,1,03/11/18 00:00,03/11/18 00:00
424,Rajahmundry,2,1,1,1,1,03/11/18 00:00,03/11/18 00:00
425,Rajauri,15,1,1,1,1,03/11/18 00:00,03/11/18 00:00
426,Rajkot,12,1,1,1,1,03/11/18 00:00,03/11/18 00:00
427,Rajsamand,29,1,1,1,1,03/11/18 00:00,03/11/18 00:00
428,Ramanathapuram,31,1,1,1,1,03/11/18 00:00,03/11/18 00:00
429,Rampur,34,1,1,1,1,03/11/18 00:00,03/11/18 00:00
430,Rampur Bushahr,14,1,1,1,1,03/11/18 00:00,03/11/18 00:00
431,Ranchi,16,1,1,1,1,03/11/18 00:00,03/11/18 00:00
432,Rangat,1,1,1,1,1,03/11/18 00:00,03/11/18 00:00
433,Ratlam,20,1,1,1,1,03/11/18 00:00,03/11/18 00:00
434,Ratnagiri,21,1,1,1,1,03/11/18 00:00,03/11/18 00:00
435,Reasi,15,1,1,1,1,03/11/18 00:00,03/11/18 00:00
436,Rewa,20,1,1,1,1,03/11/18 00:00,03/11/18 00:00
437,Ri Bhoi,23,1,1,1,1,03/11/18 00:00,03/11/18 00:00
438,Rohtak,13,1,1,1,1,03/11/18 00:00,03/11/18 00:00
439,Rohtas,5,1,1,1,1,03/11/18 00:00,03/11/18 00:00
440,Ropar,28,1,1,1,1,03/11/18 00:00,03/11/18 00:00
441,Rudraprayag,35,1,1,1,1,03/11/18 00:00,03/11/18 00:00
442,Rupnagar,28,1,1,1,1,03/11/18 00:00,03/11/18 00:00
443,Sabarkantha,12,1,1,1,1,03/11/18 00:00,03/11/18 00:00
444,Sagar,20,1,1,1,1,03/11/18 00:00,03/11/18 00:00
445,Saharanpur,34,1,1,1,1,03/11/18 00:00,03/11/18 00:00
446,Saharsa,5,1,1,1,1,03/11/18 00:00,03/11/18 00:00
447,Salem East,31,1,1,1,1,03/11/18 00:00,03/11/18 00:00
448,Salem West,31,1,1,1,1,03/11/18 00:00,03/11/18 00:00
449,Samastipur,5,1,1,1,1,03/11/18 00:00,03/11/18 00:00
450,Sambalpur,26,1,1,1,1,03/11/18 00:00,03/11/18 00:00
451,Sangareddy,32,1,1,1,1,03/11/18 00:00,03/11/18 00:00
452,Sangli,21,1,1,1,1,03/11/18 00:00,03/11/18 00:00
453,Sangrur,28,1,1,1,1,03/11/18 00:00,03/11/18 00:00
454,Sant Kabir Nagar,34,1,1,1,1,03/11/18 00:00,03/11/18 00:00
455,Sant Ravidas Nagar,34,1,1,1,1,03/11/18 00:00,03/11/18 00:00
456,Santhal Parganas,16,1,1,1,1,03/11/18 00:00,03/11/18 00:00
457,Saran,5,1,1,1,1,03/11/18 00:00,03/11/18 00:00
458,Satara,21,1,1,1,1,03/11/18 00:00,03/11/18 00:00
459,Sawai Madhopur,29,1,1,1,1,03/11/18 00:00,03/11/18 00:00
460,Secunderabad,32,1,1,1,1,03/11/18 00:00,03/11/18 00:00
461,Sehore,20,1,1,1,1,03/11/18 00:00,03/11/18 00:00
462,Senapati,22,1,1,1,1,03/11/18 00:00,03/11/18 00:00
463,Serchhip,24,1,1,1,1,03/11/18 00:00,03/11/18 00:00
464,Shahdol,20,1,1,1,1,03/11/18 00:00,03/11/18 00:00
465,Shahjahanpur,34,1,1,1,1,03/11/18 00:00,03/11/18 00:00
466,Shimla,14,1,1,1,1,03/11/18 00:00,03/11/18 00:00
467,Shimoga,17,1,1,1,1,03/11/18 00:00,03/11/18 00:00
468,Shrawasti,34,1,1,1,1,03/11/18 00:00,03/11/18 00:00
469,Sibsagar,4,1,1,1,1,03/11/18 00:00,03/11/18 00:00
470,Siddharthnagar,34,1,1,1,1,03/11/18 00:00,03/11/18 00:00
471,Sikar,29,1,1,1,1,03/11/18 00:00,03/11/18 00:00
472,Sindhudurg,21,1,1,1,1,03/11/18 00:00,03/11/18 00:00
473,Singhbhum,16,1,1,1,1,03/11/18 00:00,03/11/18 00:00
474,Sirohi,29,1,1,1,1,03/11/18 00:00,03/11/18 00:00
475,Sirsi,17,1,1,1,1,03/11/18 00:00,03/11/18 00:00
476,Sitamarhi,5,1,1,1,1,03/11/18 00:00,03/11/18 00:00
477,Sitapur,34,1,1,1,1,03/11/18 00:00,03/11/18 00:00
478,Sivaganga,31,1,1,1,1,03/11/18 00:00,03/11/18 00:00
479,Siwan,5,1,1,1,1,03/11/18 00:00,03/11/18 00:00
480,Solan,14,1,1,1,1,03/11/18 00:00,03/11/18 00:00
481,Solapur,21,1,1,1,1,03/11/18 00:00,03/11/18 00:00
482,Sonbhadra,34,1,1,1,1,03/11/18 00:00,03/11/18 00:00
483,Sonepat,13,1,1,1,1,03/11/18 00:00,03/11/18 00:00
484,Sonitpur,4,1,1,1,1,03/11/18 00:00,03/11/18 00:00
485,South 24 Parganas,36,1,1,1,1,03/11/18 00:00,03/11/18 00:00
486,South Dinajpur,36,1,1,1,1,03/11/18 00:00,03/11/18 00:00
487,South Garo Hills,23,1,1,1,1,03/11/18 00:00,03/11/18 00:00
488,South Sikkim,30,1,1,1,1,03/11/18 00:00,03/11/18 00:00
489,South Tripura,33,1,1,1,1,03/11/18 00:00,03/11/18 00:00
490,Srikakulam,2,1,1,1,1,03/11/18 00:00,03/11/18 00:00
491,Srinagar,15,1,1,1,1,03/11/18 00:00,03/11/18 00:00
492,Srirangam,31,1,1,1,1,03/11/18 00:00,03/11/18 00:00
493,Sultanpur,34,1,1,1,1,03/11/18 00:00,03/11/18 00:00
494,Sundargarh,26,1,1,1,1,03/11/18 00:00,03/11/18 00:00
495,Surat,12,1,1,1,1,03/11/18 00:00,03/11/18 00:00
496,Surendranagar,12,1,1,1,1,03/11/18 00:00,03/11/18 00:00
497,Suryapet,32,1,1,1,1,03/11/18 00:00,03/11/18 00:00
498,Tadepalligudem,2,1,1,1,1,03/11/18 00:00,03/11/18 00:00
499,Tambaram,31,1,1,1,1,03/11/18 00:00,03/11/18 00:00
500,Tamenglong,22,1,1,1,1,03/11/18 00:00,03/11/18 00:00
501,Tamluk,36,1,1,1,1,03/11/18 00:00,03/11/18 00:00
502,Tarn Taran,28,1,1,1,1,03/11/18 00:00,03/11/18 00:00
503,Tawang,3,1,1,1,1,03/11/18 00:00,03/11/18 00:00
504,Tehri Garhwal,35,1,1,1,1,03/11/18 00:00,03/11/18 00:00
505,Tenali,2,1,1,1,1,03/11/18 00:00,03/11/18 00:00
506,Thalassery,18,1,1,1,1,03/11/18 00:00,03/11/18 00:00
507,Thane,21,1,1,1,1,03/11/18 00:00,03/11/18 00:00
508,Thanjavur,31,1,1,1,1,03/11/18 00:00,03/11/18 00:00
509,Theni,31,1,1,1,1,03/11/18 00:00,03/11/18 00:00
510,Thoubal,22,1,1,1,1,03/11/18 00:00,03/11/18 00:00
511,Tinsukia,4,1,1,1,1,03/11/18 00:00,03/11/18 00:00
512,Tirap,3,1,1,1,1,03/11/18 00:00,03/11/18 00:00
513,Tiruchirapalli,31,1,1,1,1,03/11/18 00:00,03/11/18 00:00
514,Tirunelveli,31,1,1,1,1,03/11/18 00:00,03/11/18 00:00
515,Tirupati,2,1,1,1,1,03/11/18 00:00,03/11/18 00:00
516,Tirupattur,31,1,1,1,1,03/11/18 00:00,03/11/18 00:00
517,Tirupur,31,1,1,1,1,03/11/18 00:00,03/11/18 00:00
518,Tirur,18,1,1,1,1,03/11/18 00:00,03/11/18 00:00
519,Tiruvalla,18,1,1,1,1,03/11/18 00:00,03/11/18 00:00
520,Tiruvannamalai,31,1,1,1,1,03/11/18 00:00,03/11/18 00:00
521,Tonk,29,1,1,1,1,03/11/18 00:00,03/11/18 00:00
522,Trichur,18,1,1,1,1,03/11/18 00:00,03/11/18 00:00
523,Trivandrum North,18,1,1,1,1,03/11/18 00:00,03/11/18 00:00
524,Trivandrum South,18,1,1,1,1,03/11/18 00:00,03/11/18 00:00
525,Tuensang,25,1,1,1,1,03/11/18 00:00,03/11/18 00:00
526,Tumkur,17,1,1,1,1,03/11/18 00:00,03/11/18 00:00
527,Tuticorin,31,1,1,1,1,03/11/18 00:00,03/11/18 00:00
528,Udaipur,29,1,1,1,1,03/11/18 00:00,03/11/18 00:00
529,Udham Singh Nagar,35,1,1,1,1,03/11/18 00:00,03/11/18 00:00
530,Udhampur,15,1,1,1,1,03/11/18 00:00,03/11/18 00:00
531,Udupi,17,1,1,1,1,03/11/18 00:00,03/11/18 00:00
532,Ujjain,20,1,1,1,1,03/11/18 00:00,03/11/18 00:00
533,Ukhrul,22,1,1,1,1,03/11/18 00:00,03/11/18 00:00
534,Una,14,1,1,1,1,03/11/18 00:00,03/11/18 00:00
535,Unnao,34,1,1,1,1,03/11/18 00:00,03/11/18 00:00
536,Upper Siang,3,1,1,1,1,03/11/18 00:00,03/11/18 00:00
537,Upper Subansiri,3,1,1,1,1,03/11/18 00:00,03/11/18 00:00
538,Uttarkashi,35,1,1,1,1,03/11/18 00:00,03/11/18 00:00
539,Vadakara,18,1,1,1,1,03/11/18 00:00,03/11/18 00:00
540,Vadodara East,12,1,1,1,1,03/11/18 00:00,03/11/18 00:00
541,Vadodara West,12,1,1,1,1,03/11/18 00:00,03/11/18 00:00
542,Vaishali,5,1,1,1,1,03/11/18 00:00,03/11/18 00:00
543,Valsad,12,1,1,1,1,03/11/18 00:00,03/11/18 00:00
544,Varanasi,34,1,1,1,1,03/11/18 00:00,03/11/18 00:00
545,Vellore,31,1,1,1,1,03/11/18 00:00,03/11/18 00:00
546,Vidisha,20,1,1,1,1,03/11/18 00:00,03/11/18 00:00
547,Vijayawada,2,1,1,1,1,03/11/18 00:00,03/11/18 00:00
548,Virudhunagar,31,1,1,1,1,03/11/18 00:00,03/11/18 00:00
549,Visakhapatnam,2,1,1,1,1,03/11/18 00:00,03/11/18 00:00
550,Vizianagaram,2,1,1,1,1,03/11/18 00:00,03/11/18 00:00
551,Vriddhachalam,31,1,1,1,1,03/11/18 00:00,03/11/18 00:00
552,Wanaparthy,32,1,1,1,1,03/11/18 00:00,03/11/18 00:00
553,Warangal,32,1,1,1,1,03/11/18 00:00,03/11/18 00:00
554,Wardha,21,1,1,1,1,03/11/18 00:00,03/11/18 00:00
555,Washim,21,1,1,1,1,03/11/18 00:00,03/11/18 00:00
556,West Champaran,5,1,1,1,1,03/11/18 00:00,03/11/18 00:00
557,West Garo Hills,23,1,1,1,1,03/11/18 00:00,03/11/18 00:00
558,West Kameng,3,1,1,1,1,03/11/18 00:00,03/11/18 00:00
559,West Khasi Hills,23,1,1,1,1,03/11/18 00:00,03/11/18 00:00
560,West Siang,3,1,1,1,1,03/11/18 00:00,03/11/18 00:00
561,West Sikkim,30,1,1,1,1,03/11/18 00:00,03/11/18 00:00
562,West Tripura,33,1,1,1,1,03/11/18 00:00,03/11/18 00:00
563,Wokha,25,1,1,1,1,03/11/18 00:00,03/11/18 00:00
564,Yavatmal,21,1,1,1,1,03/11/18 00:00,03/11/18 00:00
565,Zunhebotto,25,1,1,1,1,03/11/18 00:00,03/11/18 00:00
